出發日期,出發港口,目的港口,郵輪名,船公司,航行天數,最低價格,幣別,台幣價格,匯率,價格說明,停靠港,來源,其他來源報價,資料狀態,連結
2026-10-09,Tokyo,Singapore,Carnival Luminosa,Carnival Cruise Line,15,1466,USD,46857,31.962657,每人最低價（Interior）,Tokyo → Osaka → Fukuoka → Seogwipo → Keelung (Taipei) → Hong Kong → Phu My → Singapore,icruise,cruisedirect: NT$46857（USD 1466）; expedia: NT$46857（USD 1466.0）,最新,https://www.icruise.com/c/itinDetail.php?CruiseItineraryID=14256769
2026-10-09,Yokohama,Tokyo,Luminara,The Ritz-Carlton Yacht Collection,11,16200,USD,517795,31.962657,每人最低價（Suite）,Yokohama → Kobe → Hiroshima → Fukuoka → Busan (Pusan) → Nagasaki → Kagoshima → Tokyo,icruise,expedia: NT$517795（USD 16200.0）,最新,https://www.icruise.com/c/itinDetail.php?CruiseItineraryID=14202861
2026-10-10,Yokohama,Yokohama,Diamond Princess,Princess Cruises,10,1406,USD,44939,31.962657,每人最低價（Interior）,Yokohama → Akita → Fushiki → Tsuruga → Sakaiminato → Busan (Pusan) → Nagasaki → Yokohama,icruise,cruisedirect: NT$44939（USD 1406）,最新,https://www.icruise.com/c/itinDetail.php?CruiseItineraryID=14321922
2026-10-10,Tokyo,Osaka,Seabourn Encore,Seabourn,13,10599,USD,338772,31.962657,每人最低價（Suite）,Tokyo → Miyako Japan → Hakodate → Aomori → Akita → Niigata → Kanazawa → Sokcho → Cruising the Kanmon Strait → Kochi → Osaka,icruise,cruisedirect: 洽詢報價; expedia: 洽詢報價,最新,https://www.icruise.com/c/itinDetail.php?CruiseItineraryID=14046017
2026-10-10,Yokohama,Yokohama,Diamond Princess,Princess Cruises,19,,USD,,31.962657,每人最低價（Interior）,Yokohama → Akita → Fushiki → Tsuruga → Sakaiminato → Busan (Pusan) → Nagasaki → Yokohama → Nagasaki → Busan (Pusan) → Cruising the Kanmon Strait → Hiroshima → Aburatsu → Tokushima → Shimizu → Yokohama,icruise,cruisedirect: 洽詢報價,最新,https://www.icruise.com/c/itinDetail.php?CruiseItineraryID=14320593
2026-10-11,Tokyo,Tokyo,Westerdam,Holland America Line,29,,USD,,31.962657,每人最低價（Balcony）,Tokyo → Omaezaki Japan → Kobe → Kochi → Cruising the Kanmon Strait → Hakata → Sokcho → Kanazawa → Sakata Japan → Hakodate → Miyako Japan → Tokyo → Shimizu → Kagoshima → Nagasaki → Yeosu → Seoul (Incheon) → Cheju Do → Busan (Pusan) → Hakata → Cruising the Kanmon Strait → Kobe → Tokyo,icruise,,最新,https://www.icruise.com/c/itinDetail.php?CruiseItineraryID=14324813
2026-10-11,Tokyo,Tokyo,Westerdam,Holland America Line,14,,USD,,31.962657,每人最低價（Oceanview）,Tokyo → Omaezaki Japan → Kobe → Kochi → Cruising the Kanmon Strait → Hakata → Sokcho → Kanazawa → Sakata Japan → Hakodate → Miyako Japan → Tokyo,icruise,,最新,https://www.icruise.com/c/itinDetail.php?CruiseItineraryID=14005792
2026-10-13,Keelung,Keelung,Star Voyager,Star Cruises,4,11000,TWD,11000,,雙人房成人（每人）,那霸 → 石垣島,eztravel,asiayo: NT$25950,沿用 2026-10-03 資料,https://vacation.eztravel.com.tw/pkgfrn/introduction/FRN0000020380/20261013
2026-10-16,Keelung,基隆港,Star Voyager,Star Cruises,3,27300,TWD,27300,,行程總價（每人，2 人一室起）,基隆港 → 石垣島 → 基隆港,asiayo,,最新,https://asiayo.com/zh-tw/cruise/item/51223/?activityStartDate=2026-10-16
2026-10-16,Tokyo,Hong Kong,Viking Orion,Viking,15,12799,USD,409090,31.962657,每人最低價（Balcony）,Tokyo → Shimizu → Kobe → Hiroshima → Beppu → Kagoshima → Sasebo → Cruising the East China Sea → Keelung (Taipei) → Cruising the East China Sea → Hong Kong,icruise,cruisedirect: NT$409090（USD 12799）; expedia: NT$409090（USD 12799.0）,最新,https://www.icruise.com/c/itinDetail.php?CruiseItineraryID=14174112
2026-10-16,Tokyo,Sihanouk,Viking Orion,Viking,29,,USD,,31.962657,每人最低價（Balcony）,Tokyo → Shimizu → Kobe → Hiroshima → Beppu → Kagoshima → Sasebo → Cruising the East China Sea → Keelung (Taipei) → Cruising the East China Sea → Hong Kong → Cruising the South China Sea → Ha Long → Chan May → Cruising the South China Sea → Ho Chi Minh City (Formerly Saigon) → Cruising the Gulf of Thailand → Sihanouk,icruise,,最新,https://www.icruise.com/c/itinDetail.php?CruiseItineraryID=14174116
2026-10-17,Tokyo,"Tokyo (yokohama), Japan",Celebrity Millennium,Celebrity Cruises,13,2984,USD,95377,31.962657,各房型最低價（每人，含稅費）,"Tokyo (yokohama), Japan → Kyoto (osaka), Japan → Kyoto (osaka), Japan → Kochi, Japan → Hiroshima, Japan → Busan, South Korea → Nagasaki, Japan → Kagoshima, Japan → Mt Fuji (shimizu), Japan → Tokyo (yokohama), Japan",cruisedirect,icruise: NT$128841（USD 4031）,最新,https://book.cruisedirect.com/swift/cruise/package/1542942?siid=294662
2026-10-17,Tokyo,Tokyo,Silver Moon,Silversea,15,11400,USD,364374,31.962657,每人最低價（Suite）,Tokyo → Kochi → Hiroshima → Fukuoka → Busan (Pusan) → Cheju Do → Seoul (Incheon) → Sasebo → Kagoshima → Shimizu → Tokyo,icruise,,最新,https://www.icruise.com/c/itinDetail.php?CruiseItineraryID=14284067
2026-10-18,Tokyo,Keelung (taipei),Costa Serena,Costa Cruises,4,406,USD,12977,31.962657,各房型最低價（每人，含稅費）,Tokyo → Keelung (taipei),cruisedirect,icruise: NT$20296（USD 635）,最新,https://book.cruisedirect.com/swift/cruise/package/1677312?siid=294662
2026-10-18,Tokyo,Hongkong,Costa Serena,Costa Cruises,6,561,USD,17931,31.962657,各房型最低價（每人，含稅費）,Tokyo → Keelung (taipei) → Hongkong,cruisedirect,icruise: NT$27808（USD 870）,最新,https://book.cruisedirect.com/swift/cruise/package/1675619?siid=294662
2026-10-18,Keelung,Keelung,Star Voyager,Star Cruises,6,18000,TWD,18000,,雙人房成人（每人）,鹿兒島/濟州 → 熊本/佐世保/鹿兒島 → 那霸,eztravel,asiayo: NT$20250,沿用 2026-10-03 資料,https://vacation.eztravel.com.tw/pkgfrn/introduction/FRN0000020384/20261018
2026-10-18,Tokyo,Subic Bay,Costa Serena,Costa Cruises,8,752,USD,24036,31.962657,各房型最低價（每人，含稅費）,Tokyo → Keelung (taipei) → Hongkong → Subic Bay,cruisedirect,,最新,https://book.cruisedirect.com/swift/cruise/package/1677388?siid=294662
2026-10-18,Tokyo,Singapore,Navigator of the Seas,Royal Caribbean,12,1553.71,USD,49661,31.962657,各房型最低價（每人）,,expedia,cruisedirect: NT$49670（USD 1554）; icruise: NT$49670（USD 1554）,最新,https://bookus.expediacruises.com/swift/cruise/package/1591195?siid=1095905&lang=1
2026-10-18,Tokyo,Sydney,Costa Serena,Costa Cruises,26,3584.0,USD,114554,31.962657,各房型最低價（每人）,,expedia,cruisedirect: NT$114554（USD 3584）; icruise: NT$158631（USD 4963）,最新,https://bookus.expediacruises.com/swift/cruise/package/1599284?siid=1095905&lang=1
2026-10-18,Tokyo,San Antonio,Costa Serena,Costa Cruises,52,7200.0,USD,230131,31.962657,各房型最低價（每人）,,expedia,cruisedirect: NT$230131（USD 7200）,最新,https://bookus.expediacruises.com/swift/cruise/package/1599285?siid=1095905&lang=1
2026-10-18,Tokyo,Buenos Aires,Costa Serena,Costa Cruises,66,9366.0,USD,299362,31.962657,各房型最低價（每人）,,expedia,cruisedirect: NT$299362（USD 9366）,最新,https://bookus.expediacruises.com/swift/cruise/package/1599286?siid=1095905&lang=1
2026-10-18,Tokyo,San Antonio,Costa Serena,Costa Cruises,53,,USD,,31.962657,每人最低價（Inside）,Tokyo → Keelung (Taipei) → Hong Kong → Boracay → Puerto Princesa Philippines → Bali (Benoa) → Darwin → Cairns → Brisbane → Sydney → Noumea → Lifou → Suva → Nuku Alofa → Crossing the International Date Line → Rarotonga → Papeete → Pitcairn Islands → Easter Island → San Antonio,icruise,,最新,https://www.icruise.com/c/itinDetail.php?CruiseItineraryID=14282400
2026-10-19,Yokohama,Yokohama,Diamond Princess,Princess Cruises,10,1329,USD,42478,31.962657,每人最低價（Oceanview）,Yokohama → Nagasaki → Busan (Pusan) → Cruising the Kanmon Strait → Hiroshima → Aburatsu → Tokushima → Shimizu → Yokohama,icruise,cruisedirect: NT$42478（USD 1329）,最新,https://www.icruise.com/c/itinDetail.php?CruiseItineraryID=14320922
2026-10-19,Tokyo,Tokyo,Luminara,The Ritz-Carlton Yacht Collection,11,16200,USD,517795,31.962657,每人最低價（Suite）,Tokyo → Kobe → Hiroshima → Fukuoka → Busan (Pusan) → Nagasaki → Kagoshima → Tokyo,icruise,expedia: NT$517795（USD 16200.0）,最新,https://www.icruise.com/c/itinDetail.php?CruiseItineraryID=14291050
2026-10-19,Yokohama,Yokohama,Diamond Princess,Princess Cruises,24,,USD,,31.962657,每人最低價（Interior）,Yokohama → Nagasaki → Busan (Pusan) → Cruising the Kanmon Strait → Hiroshima → Aburatsu → Tokushima → Shimizu → Yokohama → Hakodate → Aomori → Akita → Niigata → Kanazawa → Sakaiminato → Busan (Pusan) → Nagasaki → Kagoshima → Aburatsu → Omaezaki Japan → Yokohama,icruise,cruisedirect: 洽詢報價,最新,https://www.icruise.com/c/itinDetail.php?CruiseItineraryID=14320785
2026-10-20,Tokyo,Cruising the Sout,Seven Seas Explorer,Regent Seven Seas Cruises,61,,USD,,31.962657,每人最低價（Suite）,Tokyo → Shimizu → Kobe → Kochi → Hiroshima → Cruising the Kanmon Strait → Busan (Pusan) → Nagasaki → Kagoshima → Beppu → Cruising the Pacific Ocean → Tokyo → Nagoya → Osaka → Cruising the Philippine Sea → Naha → Ishigaki → Keelung (Taipei) → Kaohsiung → Hong Kong → Cruising the Hainan Strait → Ha Long → Cruising the Sout,icruise,,最新,https://www.icruise.com/c/itinDetail.php?CruiseItineraryID=14285149
2026-10-20,Tokyo,Tokyo,Seven Seas Explorer,Regent Seven Seas Cruises,12,,USD,,31.962657,每人最低價（Suite）,Tokyo → Shimizu → Kobe → Kochi → Hiroshima → Cruising the Kanmon Strait → Busan (Pusan) → Nagasaki → Kagoshima → Beppu → Cruising the Pacific Ocean → Tokyo,icruise,cruisedirect: 洽詢報價; expedia: 洽詢報價,最新,https://www.icruise.com/c/itinDetail.php?CruiseItineraryID=14234289
2026-10-21,Keelung,Hong Kong,Costa Serena,Costa Cruises,3,430,USD,13744,31.962657,每人最低價（Oceanview）,Keelung (Taipei) → Hong Kong,icruise,,最新,https://www.icruise.com/c/itinDetail.php?CruiseItineraryID=14282001
2026-10-24,Tokyo,Hong Kong,Westerdam,Holland America Line,30,,USD,,31.962657,每人最低價（Interior）,Tokyo → Shimizu → Kagoshima → Nagasaki → Yeosu → Seoul (Incheon) → Cheju Do → Busan (Pusan) → Hakata → Cruising the Kanmon Strait → Kobe → Tokyo → Shimizu → Osaka → Kochi → Hiroshima → Cruising the Kanmon Strait → Hakata → Busan (Pusan) → Cheju Do → Shanghai → Hong Kong,icruise,,最新,https://www.icruise.com/c/itinDetail.php?CruiseItineraryID=14319366
2026-10-24,Tokyo,Tokyo,Westerdam,Holland America Line,16,,USD,,31.962657,每人最低價（Oceanview）,Tokyo → Shimizu → Kagoshima → Nagasaki → Yeosu → Seoul (Incheon) → Cheju Do → Busan (Pusan) → Hakata → Cruising the Kanmon Strait → Kobe → Tokyo,icruise,,最新,https://www.icruise.com/c/itinDetail.php?CruiseItineraryID=14328184
2026-10-25,Keelung,基隆港,Star Voyager,Star Cruises,6,18000,TWD,18000,,行程總價（每人，2 人一室起）,基隆港 → 高知 → 大阪（天保山碼頭） → 基隆港,asiayo,lion: NT$29250,最新,https://asiayo.com/zh-tw/cruise/item/51220/?activityStartDate=2026-10-25
2026-10-26,Tokyo,Osaka,Star Seeker,Windstar,11,4915.0,USD,157096,31.962657,各房型最低價（每人）,,expedia,icruise: NT$264299（USD 8269）,最新,https://bookus.expediacruises.com/swift/cruise/package/1564626?siid=1095905&lang=1
2026-10-26,Tokyo,Ha Long Bay,Star Seeker,Windstar,21,9870.0,USD,315471,31.962657,各房型最低價（每人）,,expedia,icruise: NT$366612（USD 11470）,最新,https://bookus.expediacruises.com/swift/cruise/package/1572458?siid=1095905&lang=1
2026-10-26,Tokyo,Bangkok,Star Seeker,Windstar,31,14033.0,USD,448532,31.962657,各房型最低價（每人）,,expedia,icruise: NT$592236（USD 18529）,最新,https://bookus.expediacruises.com/swift/cruise/package/1572459?siid=1095905&lang=1
2026-10-26,Tokyo,Phuket,Star Seeker,Windstar,42,19370.0,USD,619117,31.962657,各房型最低價（每人）,,expedia,icruise: NT$782638（USD 24486）,最新,https://bookus.expediacruises.com/swift/cruise/package/1572949?siid=1095905&lang=1
2026-10-28,Yokohama,Yokohama,Diamond Princess,Princess Cruises,15,1880,USD,60090,31.962657,每人最低價（Suite）,Yokohama → Hakodate → Aomori → Akita → Niigata → Kanazawa → Sakaiminato → Busan (Pusan) → Nagasaki → Kagoshima → Aburatsu → Omaezaki Japan → Yokohama,icruise,,最新,https://www.icruise.com/c/itinDetail.php?CruiseItineraryID=14321929
2026-10-28,Yokohama,Yokohama,Diamond Princess,Princess Cruises,29,10306,USD,329407,31.962657,每人最低價（Interior）,Yokohama → Hakodate → Aomori → Akita → Niigata → Kanazawa → Sakaiminato → Busan (Pusan) → Nagasaki → Kagoshima → Aburatsu → Omaezaki Japan → Yokohama → Aomori → Sakata Japan → Kanazawa → Sakaiminato → Busan (Pusan) → Nagasaki → Kagoshima → Beppu → Kochi → Osaka → Shimizu → Yokohama,icruise,cruisedirect: 洽詢報價,最新,https://www.icruise.com/c/itinDetail.php?CruiseItineraryID=14320959
2026-10-29,Tokyo,"Tokyo (yokohama), Japan",Norwegian Jade,Norwegian Cruise Line,15,949,USD,30333,31.962657,各房型最低價（每人，含稅費）,"Tokyo, Japan → Sendai (ishinomaki), Japan → Hakodate, Japan → Aomori, Japan → Akita Japan → Sakata, Japan → Kanazawa, Japan → Busan, Korea, Republic Of (south) → Shimonoseki, Japan → Cruise Kanmon Strait, Japan → Hiroshima, Japan → Kochi, Japan → Kyoto Osaka Japan → Nagoya, Japan → Mount Fuji Shimizu, Japan → Tokyo (yokohama), Japan",cruisedirect,asiayo: NT$64977; icruise: NT$62934（USD 1969）,最新,https://book.cruisedirect.com/swift/cruise/package/1554198?siid=294662
2026-10-29,Tokyo,"Hong Kong, China",Celebrity Millennium,Celebrity Cruises,15,4171,USD,133316,31.962657,各房型最低價（每人，含稅費）,"Tokyo (yokohama), Japan → Mt Fuji (shimizu), Japan → Kyoto (osaka), Japan → Kyoto (osaka), Japan → Kobe, Japan → Kochi, Japan → Okinawa, Japan → Hualien, Taiwan, China → Taipei(keelung),taiwan,china → Taipei(keelung),taiwan,china → Hong Kong, China → Hong Kong, China",cruisedirect,icruise: NT$186438（USD 5833）,最新,https://book.cruisedirect.com/swift/cruise/package/1563622?siid=294662
2026-10-29,Tokyo,Tokyo,Luminara,The Ritz-Carlton Yacht Collection,11,13900,USD,444281,31.962657,每人最低價（Suite）,Tokyo → Osaka → Hiroshima → Fukuoka → Busan (Pusan) → Sasebo → Kagoshima → Tokyo,icruise,expedia: NT$559346（USD 17500.0）,最新,https://www.icruise.com/c/itinDetail.php?CruiseItineraryID=14202860
2026-10-30,Keelung,Keelung,Star Voyager,Star Cruises,3,10300,TWD,10300,,列表最低價（每人，可能為 3／4 人房）,石垣島,eztravel,asiayo: NT$27300,沿用 2026-10-03 資料,https://vacation.eztravel.com.tw/pkgfrn/introduction/FRN0000020377/20261030
2026-10-31,Tokyo,Singapore,Silver Moon,Silversea,17,12200,USD,389944,31.962657,每人最低價（Suite）,Tokyo → Kagoshima → Nagasaki → Cheju Do → Keelung (Taipei) → Hong Kong → Ho Chi Minh City (Formerly Saigon) → Singapore,icruise,cruisedirect: NT$469851（USD 14700）; expedia: NT$469851（USD 14700.0）,最新,https://www.icruise.com/c/itinDetail.php?CruiseItineraryID=13998407
2026-10-31,Tokyo,Hong Kong,Seven Seas Explorer,Regent Seven Seas Cruises,11,,USD,,31.962657,每人最低價（Suite）,Tokyo → Nagoya → Osaka → Cruising the Philippine Sea → Naha → Ishigaki → Keelung (Taipei) → Kaohsiung → Hong Kong,icruise,,最新,https://www.icruise.com/c/itinDetail.php?CruiseItineraryID=13928021
2026-10-31,Tokyo,Bangkok (Laem Chab,Seven Seas Explorer,Regent Seven Seas Cruises,23,,USD,,31.962657,每人最低價（Suite）,Tokyo → Nagoya → Osaka → Cruising the Philippine Sea → Naha → Ishigaki → Keelung (Taipei) → Kaohsiung → Hong Kong → Cruising the Hainan Strait → Ha Long → Cruising the South China Sea → Ho Chi Minh City (Formerly Saigon) → Cruising the South China Sea → Singapore → Cruising the Gulf of Thailand → Bangkok (Laem Chab,icruise,,最新,https://www.icruise.com/c/itinDetail.php?CruiseItineraryID=14167382
2026-11-01,Keelung,基隆港,Star Voyager,Star Cruises,3,37450,TWD,37450,,行程總價（每人，2 人一室起）,基隆港,asiayo,,最新,https://asiayo.com/zh-tw/cruise/item/137488/?activityStartDate=2026-11-01
2026-11-03,Keelung,基隆港,Star Voyager,Star Cruises,4,11000,TWD,11000,,行程總價（每人，2 人一室起）,基隆港 → 沖繩・那霸 NCT → 石垣島 → 基隆港,asiayo,lion: NT$11000,最新,https://asiayo.com/zh-tw/cruise/item/54117/?activityStartDate=2026-11-03
2026-11-03,Tokyo,Osaka,Seabourn Encore,Seabourn,13,12099,USD,386716,31.962657,每人最低價（Suite）,Tokyo → Shimizu → Toba → Kochi → Beppu → Hiroshima → Cruising the Kanmon Strait → Hakata → Busan (Pusan) → Nagasaki → Kagoshima → Osaka,icruise,cruisedirect: 洽詢報價; expedia: 洽詢報價,最新,https://www.icruise.com/c/itinDetail.php?CruiseItineraryID=14039868
2026-11-03,Tokyo,Singapore,Seabourn Encore,Seabourn,27,,USD,,31.962657,每人最低價（Suite）,Tokyo → Shimizu → Toba → Kochi → Beppu → Hiroshima → Cruising the Kanmon Strait → Hakata → Busan (Pusan) → Nagasaki → Kagoshima → Osaka → Miyako → Keelung (Taipei) → Hong Kong → Da Nang → Ho Chi Minh City (Formerly Saigon) → Singapore,icruise,,最新,https://www.icruise.com/c/itinDetail.php?CruiseItineraryID=14279761
2026-11-08,Keelung,Keelung,Star Voyager,Star Cruises,4,11000,TWD,11000,,每人最低價（直客價）,那霸 → 石垣島,lion,,最新,https://travel.liontravel.com/detail?NormGroupID=fa1b2843-3ef2-4713-a760-ee2ef93f7922&GroupID=26JCN08UNS4-ZP
2026-11-08,Tokyo,Hong Kong,Luminara,The Ritz-Carlton Yacht Collection,13,16200,USD,517795,31.962657,每人最低價（Suite）,Tokyo → Kobe → Nagasaki → Seoul (Incheon) → Shanghai → Hong Kong,icruise,expedia: NT$536973（USD 16800.0）,最新,https://www.icruise.com/c/itinDetail.php?CruiseItineraryID=14069253
2026-11-08,Tokyo,Hong Kong,Westerdam,Holland America Line,15,,USD,,31.962657,每人最低價（Suite）,Tokyo → Shimizu → Osaka → Kochi → Hiroshima → Cruising the Kanmon Strait → Hakata → Busan (Pusan) → Cheju Do → Shanghai → Hong Kong,icruise,,最新,https://www.icruise.com/c/itinDetail.php?CruiseItineraryID=14221870
2026-11-08,Tokyo,Singapore,Westerdam,Holland America Line,29,,USD,,31.962657,每人最低價（Interior）,Tokyo → Shimizu → Osaka → Kochi → Hiroshima → Cruising the Kanmon Strait → Hakata → Busan (Pusan) → Cheju Do → Shanghai → Hong Kong → Ha Long → Da Nang → Phu My → Sihanoukville → Bangkok (Laem Chabang) → Nathon → Singapore,icruise,,最新,https://www.icruise.com/c/itinDetail.php?CruiseItineraryID=14277762
